{
    "metrics": {
        "http_req_duration": {
            "med": 18.1402,
            "max": 58.2067,
            "p(90)": 32.59847,
            "p(95)": 38.39335999999998,
            "avg": 18.986827948717956,
            "min": 2.2467
        },
        "vus_max": {
            "value": 100,
            "min": 100,
            "max": 100
        },
        "data_received": {
            "count": 1201800,
            "rate": 19670.971783292225
        },
        "http_req_connecting": {
            "min": 0,
            "med": 0,
            "max": 19.0529,
            "p(90)": 0,
            "p(95)": 0,
            "avg": 0.09925553846153845
        },
        "http_req_waiting": {
            "max": 55.6206,
            "p(90)": 31.80211,
            "p(95)": 37.5386,
            "avg": 18.717961769230804,
            "min": 2.2467,
            "med": 17.9422
        },
        "http_req_failed": {
            "passes": 0,
            "fails": 3900,
            "value": 0
        },
        "iteration_duration": {
            "avg": 20339.569978000014,
            "min": 20055.5169,
            "med": 20378.6154,
            "max": 20424.8271,
            "p(90)": 20416.723,
            "p(95)": 20420.746615
        },
        "http_req_tls_handshaking": {
            "avg": 0,
            "min": 0,
            "med": 0,
            "max": 0,
            "p(90)": 0,
            "p(95)": 0
        },
        "http_reqs": {
            "count": 3900,
            "rate": 63.83490593679454
        },
        "http_req_sending": {
            "avg": 0.17440551282051286,
            "min": 0,
            "med": 0,
            "max": 21.639,
            "p(90)": 0,
            "p(95)": 0.9942199999999999
        },
        "http_req_blocked": {
            "avg": 0.4175711794871793,
            "min": 0,
            "med": 0,
            "max": 35.07,
            "p(90)": 0,
            "p(95)": 0
        },
        "http_req_duration{expected_response:true}": {
            "p(95)": 38.39335999999998,
            "avg": 18.986827948717956,
            "min": 2.2467,
            "med": 18.1402,
            "max": 58.2067,
            "p(90)": 32.59847
        },
        "iterations": {
            "rate": 4.9103773797534265,
            "count": 300
        },
        "http_req_receiving": {
            "avg": 0.09446066666666662,
            "min": 0,
            "med": 0,
            "max": 15.0063,
            "p(90)": 0,
            "p(95)": 0.69
        },
        "data_sent": {
            "count": 1232400,
            "rate": 20171.830276027074
        },
        "vus": {
            "value": 87,
            "min": 87,
            "max": 100
        }
    },
    "root_group": {
        "id": "d41d8cd98f00b204e9800998ecf8427e",
        "groups": {},
        "checks": {},
        "name": "",
        "path": ""
    }
}