{
    "root_group": {
        "name": "",
        "path": "",
        "id": "d41d8cd98f00b204e9800998ecf8427e",
        "groups": {},
        "checks": {}
    },
    "metrics": {
        "http_req_blocked": {
            "avg": 0.1831804864717138,
            "min": 0,
            "med": 0,
            "max": 20.837,
            "p(90)": 0,
            "p(95)": 0
        },
        "http_req_connecting": {
            "med": 0,
            "max": 13.6771,
            "p(90)": 0,
            "p(95)": 0,
            "avg": 0.14768840530199495,
            "min": 0
        },
        "vus": {
            "max": 500,
            "value": 318,
            "min": 318
        },
        "http_req_duration{expected_response:true}": {
            "avg": 88.03467103616927,
            "min": 2.7945,
            "med": 80.8996,
            "max": 302.9259,
            "p(90)": 135.9127,
            "p(95)": 179.53080999999997
        },
        "http_req_sending": {
            "med": 0,
            "max": 32.6192,
            "p(90)": 0,
            "p(95)": 0,
            "avg": 0.01631784640612189,
            "min": 0
        },
        "http_req_failed": {
            "fails": 13907,
            "passes": 729,
            "value": 0.049808690899152776
        },
        "vus_max": {
            "value": 500,
            "min": 500,
            "max": 500
        },
        "http_req_waiting": {
            "avg": 83.54499292839627,
            "min": 0,
            "med": 79.3185,
            "max": 302.9259,
            "p(90)": 135.3591,
            "p(95)": 176.5026
        },
        "iterations": {
            "count": 14636,
            "rate": 236.50601755191045
        },
        "iteration_duration": {
            "min": 2000.6492,
            "med": 2081.0264,
            "max": 2303.3911,
            "p(90)": 2135.77455,
            "p(95)": 2177.727575,
            "avg": 2086.7807569076213
        },
        "http_reqs": {
            "count": 14636,
            "rate": 236.50601755191045
        },
        "http_req_receiving": {
            "avg": 0.08846854331784644,
            "min": 0,
            "med": 0,
            "max": 13.0893,
            "p(90)": 0.5169,
            "p(95)": 0.5737
        },
        "data_sent": {
            "count": 4325077,
            "rate": 69889.77431506998
        },
        "data_received": {
            "count": 4450240,
            "rate": 71912.30797692089
        },
        "http_req_duration": {
            "med": 79.44120000000001,
            "max": 302.9259,
            "p(90)": 135.36,
            "p(95)": 176.7185,
            "avg": 83.64977931812012,
            "min": 0
        },
        "http_req_tls_handshaking": {
            "max": 0,
            "p(90)": 0,
            "p(95)": 0,
            "avg": 0,
            "min": 0,
            "med": 0
        }
    }
}