{
    "metrics": {
        "http_req_duration": {
            "p(90)": 48.7939,
            "p(95)": 104.8118399999992,
            "avg": 31.618831033333308,
            "min": 3.3106,
            "med": 15.30885,
            "max": 477.9852
        },
        "http_req_waiting": {
            "min": 3.2103,
            "med": 15.02395,
            "max": 477.3984,
            "p(90)": 48.293229999999994,
            "p(95)": 98.0063849999999,
            "avg": 31.268656433333273
        },
        "http_req_blocked": {
            "p(95)": 0,
            "avg": 0.11200813333333326,
            "min": 0,
            "med": 0,
            "max": 7.8169,
            "p(90)": 0
        },
        "vus_max": {
            "value": 100,
            "min": 100,
            "max": 100
        },
        "http_req_tls_handshaking": {
            "p(95)": 0,
            "avg": 0,
            "min": 0,
            "med": 0,
            "max": 0,
            "p(90)": 0
        },
        "http_req_receiving": {
            "p(95)": 0.7213199999999977,
            "avg": 0.28510953333333394,
            "min": 0,
            "med": 0,
            "max": 37.5657,
            "p(90)": 0.5811299999999999
        },
        "http_req_sending": {
            "p(90)": 0,
            "p(95)": 0,
            "avg": 0.06506506666666664,
            "min": 0,
            "med": 0,
            "max": 5.026
        },
        "http_req_failed": {
            "passes": 0,
            "fails": 3000,
            "value": 0
        },
        "data_sent": {
            "count": 933000,
            "rate": 15185.990467075053
        },
        "http_req_duration{expected_response:true}": {
            "med": 15.30885,
            "max": 477.9852,
            "p(90)": 48.7939,
            "p(95)": 104.8118399999992,
            "avg": 31.618831033333308,
            "min": 3.3106
        },
        "http_req_connecting": {
            "med": 0,
            "max": 4.9973,
            "p(90)": 0,
            "p(95)": 0,
            "avg": 0.05144960000000003,
            "min": 0
        },
        "http_reqs": {
            "count": 3000,
            "rate": 48.82955134107734
        },
        "data_received": {
            "count": 960000,
            "rate": 15625.45642914475
        },
        "iteration_duration": {
            "avg": 2032.1605165999972,
            "min": 2003.4482,
            "med": 2015.7193,
            "max": 2481.9335,
            "p(90)": 2049.4053,
            "p(95)": 2105.1021099999994
        },
        "iterations": {
            "count": 3000,
            "rate": 48.82955134107734
        },
        "vus": {
            "min": 41,
            "max": 100,
            "value": 41
        }
    },
    "root_group": {
        "name": "",
        "path": "",
        "id": "d41d8cd98f00b204e9800998ecf8427e",
        "groups": {},
        "checks": {}
    }
}