{
    "root_group": {
        "path": "",
        "id": "d41d8cd98f00b204e9800998ecf8427e",
        "groups": {},
        "checks": {},
        "name": ""
    },
    "metrics": {
        "data_sent": {
            "rate": 31174.26884270543,
            "count": 1899150
        },
        "http_reqs": {
            "count": 5755,
            "rate": 94.46748134153161
        },
        "http_req_waiting": {
            "min": 4.067,
            "med": 54.3708,
            "max": 224.1601,
            "p(90)": 80.6849,
            "p(95)": 88.2348,
            "avg": 50.67337718505652
        },
        "http_req_sending": {
            "med": 0,
            "max": 6.4237,
            "p(90)": 0.4726,
            "p(95)": 0.6193,
            "avg": 0.08694086880973079,
            "min": 0
        },
        "http_req_duration": {
            "avg": 50.951536611642226,
            "min": 4.2462,
            "med": 54.5734,
            "max": 224.4713,
            "p(90)": 80.9321,
            "p(95)": 88.62748000000002
        },
        "http_req_blocked": {
            "med": 0.6776,
            "max": 16.7131,
            "p(90)": 2.24532,
            "p(95)": 2.9309,
            "avg": 0.9905549609035644,
            "min": 0
        },
        "http_req_connecting": {
            "avg": 0.940162519548223,
            "min": 0,
            "med": 0.6512,
            "max": 15.9247,
            "p(90)": 2.16172,
            "p(95)": 2.7375
        },
        "vus": {
            "value": 100,
            "min": 100,
            "max": 100
        },
        "iterations": {
            "count": 5755,
            "rate": 94.46748134153161
        },
        "http_req_failed": {
            "passes": 5755,
            "fails": 0,
            "value": 1
        },
        "data_received": {
            "count": 2727204,
            "rate": 44766.65386351874
        },
        "http_req_tls_handshaking": {
            "p(95)": 0,
            "avg": 0,
            "min": 0,
            "med": 0,
            "max": 0,
            "p(90)": 0
        },
        "http_req_receiving": {
            "med": 0,
            "max": 22.4461,
            "p(90)": 0.5812000000000002,
            "p(95)": 0.6859100000000001,
            "avg": 0.1912185577758471,
            "min": 0
        },
        "iteration_duration": {
            "max": 1227.0744,
            "p(90)": 1083.1305,
            "p(95)": 1091.6648,
            "avg": 1052.6761597741088,
            "min": 1004.6911,
            "med": 1056.6831
        },
        "vus_max": {
            "value": 100,
            "min": 100,
            "max": 100
        }
    }
}