{
    "root_group": {
        "name": "",
        "path": "",
        "id": "d41d8cd98f00b204e9800998ecf8427e",
        "groups": {},
        "checks": {}
    },
    "metrics": {
        "http_req_sending": {
            "med": 0,
            "max": 17.9145,
            "p(90)": 0,
            "p(95)": 0.5495,
            "avg": 0.07630163333333326,
            "min": 0
        },
        "http_req_connecting": {
            "max": 34.452,
            "p(90)": 4.600749999999999,
            "p(95)": 18.245949999999997,
            "avg": 1.7683511333333308,
            "min": 0,
            "med": 0
        },
        "http_req_receiving": {
            "max": 9.3042,
            "p(90)": 0,
            "p(95)": 0,
            "avg": 0.020773433333333337,
            "min": 0,
            "med": 0
        },
        "iterations": {
            "count": 3000,
            "rate": 49.42918631917566
        },
        "http_req_duration": {
            "max": 201.8741,
            "p(90)": 166.9474,
            "p(95)": 190.47467999999992,
            "avg": 75.3322801000001,
            "min": 0,
            "med": 74.6382
        },
        "http_req_duration{expected_response:true}": {
            "max": 201.8741,
            "p(90)": 167.941,
            "p(95)": 191.37561,
            "avg": 82.84341653225819,
            "min": 3.223,
            "med": 76.4949
        },
        "vus_max": {
            "value": 500,
            "min": 500,
            "max": 500
        },
        "http_reqs": {
            "count": 3000,
            "rate": 49.42918631917566
        },
        "http_req_waiting": {
            "med": 74.54485,
            "max": 201.8741,
            "p(90)": 166.3845,
            "p(95)": 190.29718999999997,
            "avg": 75.23520503333357,
            "min": 0
        },
        "data_sent": {
            "count": 911152,
            "rate": 15012.500657696515
        },
        "http_req_blocked": {
            "max": 51.0781,
            "p(90)": 4.637309999999984,
            "p(95)": 18.402,
            "avg": 1.8968753666666658,
            "min": 0,
            "med": 0
        },
        "http_req_failed": {
            "passes": 272,
            "fails": 2728,
            "value": 0.09066666666666667
        },
        "iteration_duration": {
            "p(95)": 10203.234115000001,
            "avg": 10083.919971933363,
            "min": 10000.7428,
            "med": 10076.7653,
            "max": 10237.5022,
            "p(90)": 10167.87798
        },
        "vus": {
            "value": 500,
            "min": 500,
            "max": 500
        },
        "data_received": {
            "rate": 10922.268442575609,
            "count": 662904
        },
        "http_req_tls_handshaking": {
            "max": 0,
            "p(90)": 0,
            "p(95)": 0,
            "avg": 0,
            "min": 0,
            "med": 0
        }
    }
}