{
    "root_group": {
        "name": "",
        "path": "",
        "id": "d41d8cd98f00b204e9800998ecf8427e",
        "groups": {},
        "checks": {}
    },
    "metrics": {
        "data_sent": {
            "count": 933000,
            "rate": 15277.080657497258
        },
        "http_req_failed": {
            "passes": 0,
            "fails": 3000,
            "value": 0
        },
        "http_req_receiving": {
            "med": 0,
            "max": 16.1181,
            "p(90)": 0,
            "p(95)": 0.5185049999999999,
            "avg": 0.06322870000000003,
            "min": 0
        },
        "http_req_waiting": {
            "p(95)": 67.7391,
            "avg": 22.655119799999934,
            "min": 2.1256,
            "med": 17.3931,
            "max": 139.3564,
            "p(90)": 49.005
        },
        "vus": {
            "value": 78,
            "min": 78,
            "max": 100
        },
        "http_reqs": {
            "count": 3000,
            "rate": 49.12244584404262
        },
        "http_req_duration{expected_response:true}": {
            "max": 149.0751,
            "p(90)": 49.005,
            "p(95)": 67.76719499999984,
            "avg": 23.028149033333307,
            "min": 2.3873,
            "med": 17.5971
        },
        "http_req_tls_handshaking": {
            "avg": 0,
            "min": 0,
            "med": 0,
            "max": 0,
            "p(90)": 0,
            "p(95)": 0
        },
        "http_req_connecting": {
            "med": 0,
            "max": 21.4314,
            "p(90)": 0,
            "p(95)": 0,
            "avg": 0.1474211,
            "min": 0
        },
        "http_req_sending": {
            "p(90)": 0,
            "p(95)": 0.996605,
            "avg": 0.30980053333333335,
            "min": 0,
            "med": 0,
            "max": 25.4587
        },
        "http_req_duration": {
            "avg": 23.028149033333307,
            "min": 2.3873,
            "med": 17.5971,
            "max": 149.0751,
            "p(90)": 49.005,
            "p(95)": 67.76719499999984
        },
        "vus_max": {
            "value": 100,
            "min": 100,
            "max": 100
        },
        "data_received": {
            "count": 963800,
            "rate": 15781.404434829428
        },
        "http_req_blocked": {
            "p(90)": 0,
            "p(95)": 0,
            "avg": 0.30369176666666664,
            "min": 0,
            "med": 0,
            "max": 27.9062
        },
        "iteration_duration": {
            "med": 2024.7561,
            "max": 2194.7146,
            "p(90)": 2055.8075,
            "p(95)": 2087.0655399999996,
            "avg": 2030.669764066659,
            "min": 2002.6685
        },
        "iterations": {
            "count": 3000,
            "rate": 49.12244584404262
        }
    }
}