{
    "root_group": {
        "name": "",
        "path": "",
        "id": "d41d8cd98f00b204e9800998ecf8427e",
        "groups": {},
        "checks": {}
    },
    "metrics": {
        "http_req_connecting": {
            "p(90)": 60.4345,
            "p(95)": 73.16426499999993,
            "avg": 10.103349666666691,
            "min": 0,
            "med": 0,
            "max": 90.3888
        },
        "iterations": {
            "count": 3000,
            "rate": 49.505777551966894
        },
        "vus_max": {
            "value": 500,
            "min": 500,
            "max": 500
        },
        "http_req_blocked": {
            "min": 0,
            "med": 0,
            "max": 96.4053,
            "p(90)": 61.4432,
            "p(95)": 74.0161,
            "avg": 10.272713366666686
        },
        "iteration_duration": {
            "p(90)": 10181.653199999999,
            "p(95)": 10205.592799999999,
            "avg": 10088.846262366607,
            "min": 10002.6186,
            "med": 10074.991,
            "max": 10260.1507
        },
        "http_req_tls_handshaking": {
            "p(95)": 0,
            "avg": 0,
            "min": 0,
            "med": 0,
            "max": 0,
            "p(90)": 0
        },
        "http_req_sending": {
            "med": 0,
            "max": 63.0126,
            "p(90)": 0.9977,
            "p(95)": 2.0010049999999997,
            "avg": 0.5915795,
            "min": 0
        },
        "http_req_waiting": {
            "avg": 62.87487193333309,
            "min": 2.1035,
            "med": 63.3124,
            "max": 133.136,
            "p(90)": 110.81167999999998,
            "p(95)": 115.81502999999987
        },
        "http_req_duration{expected_response:true}": {
            "min": 2.1035,
            "med": 63.5038,
            "max": 148.509,
            "p(90)": 112.1943,
            "p(95)": 117.4675,
            "avg": 63.5232795999998
        },
        "data_sent": {
            "count": 1002000,
            "rate": 16534.92970235694
        },
        "http_req_duration": {
            "avg": 63.5232795999998,
            "min": 2.1035,
            "med": 63.5038,
            "max": 148.509,
            "p(90)": 112.1943,
            "p(95)": 117.4675
        },
        "data_received": {
            "count": 729000,
            "rate": 12029.903945127955
        },
        "http_reqs": {
            "count": 3000,
            "rate": 49.505777551966894
        },
        "http_req_receiving": {
            "p(90)": 0,
            "p(95)": 0.4096,
            "avg": 0.056828166666666666,
            "min": 0,
            "med": 0,
            "max": 9.0038
        },
        "vus": {
            "min": 500,
            "max": 500,
            "value": 500
        },
        "http_req_failed": {
            "passes": 0,
            "fails": 3000,
            "value": 0
        }
    }
}