{
    "root_group": {
        "id": "d41d8cd98f00b204e9800998ecf8427e",
        "groups": {},
        "checks": {},
        "name": "",
        "path": ""
    },
    "metrics": {
        "http_req_sending": {
            "avg": 0.3378846216436128,
            "min": 0,
            "med": 0,
            "max": 50.4707,
            "p(90)": 0,
            "p(95)": 0.9982
        },
        "vus_max": {
            "min": 500,
            "max": 500,
            "value": 500
        },
        "http_req_duration": {
            "p(95)": 86.2431,
            "avg": 39.00219302278336,
            "min": 0,
            "med": 31.944650000000003,
            "max": 188.9434,
            "p(90)": 76.8423
        },
        "http_req_blocked": {
            "max": 70.8139,
            "p(90)": 0,
            "p(95)": 0,
            "avg": 0.4959222267426102,
            "min": 0,
            "med": 0
        },
        "http_req_waiting": {
            "avg": 38.60050884187746,
            "min": 0,
            "med": 31.8791,
            "max": 176.5007,
            "p(90)": 76.35419,
            "p(95)": 85.4441
        },
        "http_req_connecting": {
            "avg": 0.43285212232167153,
            "min": 0,
            "med": 0,
            "max": 62.7459,
            "p(90)": 0,
            "p(95)": 0
        },
        "data_received": {
            "rate": 76241.32826201187,
            "count": 4719232
        },
        "http_req_tls_handshaking": {
            "p(90)": 0,
            "p(95)": 0,
            "avg": 0,
            "min": 0,
            "med": 0,
            "max": 0
        },
        "http_req_failed": {
            "fails": 14656,
            "passes": 92,
            "value": 0.006238133984269053
        },
        "iterations": {
            "count": 14748,
            "rate": 238.2606129997743
        },
        "http_req_receiving": {
            "p(90)": 0,
            "p(95)": 0.5047,
            "avg": 0.0637995592622729,
            "min": 0,
            "med": 0,
            "max": 39.7351
        },
        "data_sent": {
            "count": 4558016,
            "rate": 73636.81083691207
        },
        "vus": {
            "value": 191,
            "min": 191,
            "max": 500
        },
        "http_reqs": {
            "count": 14748,
            "rate": 238.2606129997743
        },
        "http_req_duration{expected_response:true}": {
            "med": 32.128,
            "max": 188.9434,
            "p(90)": 76.96105,
            "p(95)": 86.2895,
            "avg": 39.24702119950935,
            "min": 2.5267
        },
        "iteration_duration": {
            "avg": 2057.131393314335,
            "min": 2002.8483,
            "med": 2052.4093,
            "max": 2276.6524,
            "p(90)": 2105.97741,
            "p(95)": 2122.8639
        }
    }
}